{
  "macro_f1": 0.9348320396692786,
  "accuracy": 0.9536231884057971,
  "per_class": {
    "neutral": {
      "precision": 0.9764150943396226,
      "recall": 0.9672897196261683,
      "f1-score": 0.971830985915493,
      "support": 214.0
    },
    "positive": {
      "precision": 0.9333333333333333,
      "recall": 0.9438202247191011,
      "f1-score": 0.9385474860335196,
      "support": 89.0
    },
    "negative": {
      "precision": 0.8837209302325582,
      "recall": 0.9047619047619048,
      "f1-score": 0.8941176470588236,
      "support": 42.0
    },
    "accuracy": 0.9536231884057971,
    "macro avg": {
      "precision": 0.9311564526351713,
      "recall": 0.9386239497023913,
      "f1-score": 0.9348320396692786,
      "support": 345.0
    },
    "weighted avg": {
      "precision": 0.9540167418119226,
      "recall": 0.9536231884057971,
      "f1-score": 0.9537840533894762,
      "support": 345.0
    }
  },
  "confusion_matrix": [
    [
      207,
      4,
      3
    ],
    [
      3,
      84,
      2
    ],
    [
      2,
      2,
      38
    ]
  ]
}