{
  "macro_f1": 0.9381243271543177,
  "accuracy": 0.9536231884057971,
  "per_class": {
    "neutral": {
      "precision": 0.9764150943396226,
      "recall": 0.9672897196261683,
      "f1-score": 0.971830985915493,
      "support": 214.0
    },
    "positive": {
      "precision": 0.9042553191489362,
      "recall": 0.9550561797752809,
      "f1-score": 0.9289617486338798,
      "support": 89.0
    },
    "negative": {
      "precision": 0.9487179487179487,
      "recall": 0.8809523809523809,
      "f1-score": 0.9135802469135802,
      "support": 42.0
    },
    "accuracy": 0.9536231884057971,
    "macro avg": {
      "precision": 0.9431294540688357,
      "recall": 0.9344327601179434,
      "f1-score": 0.9381243271543177,
      "support": 345.0
    },
    "weighted avg": {
      "precision": 0.9544281375046042,
      "recall": 0.9536231884057971,
      "f1-score": 0.9536805709701482,
      "support": 345.0
    }
  },
  "confusion_matrix": [
    [
      207,
      6,
      1
    ],
    [
      3,
      85,
      1
    ],
    [
      2,
      3,
      37
    ]
  ],
  "selected_config": {
    "label_smoothing": 0.1,
    "weight_decay": 0.1,
    "hidden_dropout_prob": 0.1
  }
}